{
  "shortcuts": {
    ".wlist": {
      "message": ".waifu-list",
      "deleteOriginal": false
    },
    ".slist": {
      "message": "`.g` - `.gold`\n`.pr` - `.profile`\n`.wlist` - `.waifu-list`\n`.wsel` - `.waifu-select`\n`.wgift` - `.waifu-gift`\n`.bc` - `baucua`\n`.gg` - `give-gold`\n`.slist` - hiện danh sách này",
      "deleteOriginal": false
    }
  },
  "partialShortcuts": {
    ".wsel": {
      "replacement": ".waifu-select",
      "deleteOriginal": false
    },
    ".wgift": {
      "replacement": ".waifu-gift",
      "deleteOriginal": false
    },
    ".g": {
      "replacement": ".gold",
      "deleteOriginal": false
    },
    ".pr": {
      "replacement": ".profile",
      "deleteOriginal": false
    },
    ".bc": {
      "replacement": "baucua",
      "deleteOriginal": false
    },
    ".gg": {
      "replacement": "give-gold",
      "deleteOriginal": false
    }
  }
}